,date,court_details,company_name_location
0,,Berlin District court Berlin (Charlottenburg) HRB 78654,AMD TÃœV Arbeitsmedizinische Dienste GmbH TÃœV Rheinland Group â€“ Berlin
1,,Schleswig-Holstein District court Flensburg HRA 9325,ANE GmbH & Co. KG â€“ Husum
2,,Saxony District court Leipzig HRB 14016,COLLM KLINIK OSCHATZ GmbH â€“ Oschatz
3,,Saxony District court Leipzig HRB 21624,DHL Hub Leipzig GmbH â€“ Schkeuditz
4,,Berlin District court Berlin (Charlottenburg) HRB 142076,ETL Systeme AG Steuerberatungsgesellschaft â€“ Berlin
5,,Bavaria District court Aschaffenburg HRB 12431,ITS AG â€“ Goldbach
6,,Saxony District court Leipzig HRB 17416,Mitteldeutsche Flughafen Aktiengesellschaft â€“ Leipzig
7,,Bavaria District court Augsburg HRB 32524,Montessori-Schule Augsburg gemeinnÃ¼tzige GmbH â€“ Augsburg
8,,Berlin District court Berlin (Charlottenburg) HRB 92809,Process Insights AG â€“ Berlin
9,,Berlin District court Berlin (Charlottenburg) HRB 162402,YUKKA LAB AG â€“ Berlin
10,,Bavaria District court Ingolstadt HRB 101375,BAUER Aktiengesellschaft â€“ Schrobenhausen
11,,Saxony-Anhalt District court Stendal HRB 111088,CODIXX Aktiengesellschaft â€“ Barleben
12,,Berlin District court Berlin (Charlottenburg) HRB 87005,ESMT European School of Management and Technology GmbH â€“ Berlin
13,,North Rhine-Westphalia District court Bochum HRB 6869,Fahrzeug-Werke Lueg AG â€“ Bochum
14,,Saxony District court Dresden HRB 9042,Flugplatz Rothenburg/ GÃ¶rlitz GmbH â€“ Rothenburg/OL
15,,Rhineland-Palatinate District court Mainz HRB 6963,GIP AG Gesellschaft fÃ¼r Industriephysik â€“ Mainz
16,,Lower Saxony District court Braunschweig HRB 200068,Innovationsgesellschaft Technische UniversitÃ¤t Braunschweig mbH â€“ Braunschweig
17,,Bavaria District court MÃ¼nchen HRB 169308,Litos Immobilien AG â€“ PÃ¶cking
18,,Berlin District court Berlin (Charlottenburg) HRB 89471,Protektor Lebensversicherungs-AG â€“ Berlin
19,,Schleswig-Holstein District court Kiel HRB 17777,Schleswig-Holsteinisches Landestheater und Sinfonieorchester GmbH â€“ Rendsburg
20,,Lower Saxony District court Hannover HRB 202618,Syntellix AG â€“ Hannover
21,,Thuringia District court Jena HRB 204214,VBM Wohnungsbau GmbH Lucka â€“ Lucka
22,,Hesse District court Frankfurt am Main HRB 123155,VMS Technology Management AG â€“ Frankfurt am Main
23,,Hesse District court GieÃŸen HRB 3661,ekom 21 GmbH â€“ GieÃŸen
24,,Saxony District court Chemnitz HRB 18512,gvf VersicherungsMakler Aktiengesellschaft â€“ Chemnitz
25,,Hesse District court Hanau HRB 98157,ALDI Rhein-Main Verwaltungs-SE â€“ Langenselbold
26,,Rhineland-Palatinate District court Ludwigshafen a.Rhein (Ludwigshafen) HRB 21030,Baugesellschaft Frankenthal (Pfalz) GmbH â€“ Frankenthal/Pfalz
27,,Bremen District court Bremen HRB 26177,DSV Solutions GmbH â€“ Bremen
28,,Hesse District court Frankfurt am Main HRB 52491,Deutsche Beteiligungs AG â€“ Frankfurt am Main
29,,Bavaria District court MÃ¼nchen HRB 68399,Gasteig MÃ¼nchen GmbH â€“ MÃ¼nchen
30,,Bremen District court Bremen HRB 21773,Gesundheit Nord gGmbH Klinikverbund Bremen â€“ Bremen
31,,North Rhine-Westphalia District court Iserlohn HRB 5726,Grohe AG â€“ Hemer
32,,Bavaria District court MÃ¼nchen HRB 276777,Gubbi Aktiengesellschaft â€“ GrÃ¼nwald
33,,North Rhine-Westphalia District court Essen HRB 25021,HOCHTIEF Infrastructure GmbH â€“ Essen
34,,Bremen District court Bremen HRB 3579 BHV,NORDSEE Holding GmbH â€“ Bremerhaven
35,,Lower Saxony District court OsnabrÃ¼ck HRB 209966,PRO URBAN AG â€“ Meppen/Ems
36,,Hamburg District court Hamburg HRB 82190,Shell Deutschland GmbH â€“ Hamburg
37,,Saxony District court Chemnitz HRB 1666,Volkswagen Sachsen GmbH â€“ Zwickau
38,,North Rhine-Westphalia District court DÃ¼sseldorf HRB 40335,Deutsche Mergers & Acquisitions Aktiengesellschaft â€“ DÃ¼sseldorf
39,,Berlin District court Berlin (Charlottenburg) HRB 140624,ENGIE Deutschland AG â€“ Berlin
40,,Thuringia District court Jena HRB 105414,Energieversorgung Apolda GmbH â€“ Apolda
41,,Lower Saxony District court Hannover HRB 221666,Goldpark AG â€“ Hannover
42,,Hesse District court Kassel HRB 13138,Klinikum Kassel GmbH â€“ Kassel
43,,North Rhine-Westphalia District court DÃ¼sseldorf HRB 99715,L'OrÃ©al Deutschland GmbH â€“ DÃ¼sseldorf
44,,Baden-WÃ¼rttemberg District court Mannheim HRB 728672,MLP SE â€“ Wiesloch
45,,Berlin District court Berlin (Charlottenburg) HRB 250627,Marley Spoon SE â€“ Berlin
46,,Berlin District court Berlin (Charlottenburg) HRB 243947,Minsken AG â€“ Berlin
47,,Hesse District court KÃ¶nigstein HRB 7371,P.S.P.P. KÃ¶nigsteiner Personalberater AG â€“ KÃ¶nigstein im Taunus
48,,Baden-WÃ¼rttemberg District court Mannheim HRB 748154,Pure Water AG â€“ St. Leon-Rot
49,,North Rhine-Westphalia District court KÃ¶ln HRB 7432,Regionalverkehr KÃ¶ln Gesellschaft mit beschrÃ¤nkter Haftung ( RVK) â€“ KÃ¶ln
50,,Bremen District court Bremen HRB 21768,Sweco GmbH â€“ Bremen
51,,Baden-WÃ¼rttemberg District court Stuttgart HRB 382393,TETEC Tissue Engineering Technologies AG â€“ Kusterdingen
52,,Hesse District court Hanau HRB 6147,Thermo Electron LED GmbH â€“ Langenselbold
53,,Baden-WÃ¼rttemberg District court Stuttgart HRB 451000,Tuttlinger BÃ¤der GmbH â€“ Tuttlingen
54,,Saarland District court SaarbrÃ¼cken HRB 16393,VENSYS Energy AG â€“ Neunkirchen
55,,Baden-WÃ¼rttemberg District court Mannheim HRB 210864,Volkswohnung BautrÃ¤ger GmbH â€“ Karlsruhe
56,,North Rhine-Westphalia District court Essen HRB 227,Wohnungsgesellschaft Ruhr-Niederrhein mbH Essen. â€“ Essen
57,,North Rhine-Westphalia District court Bochum HRB 15851,ZF Industrieantriebe Witten GmbH â€“ Witten
58,,North Rhine-Westphalia District court DÃ¼sseldorf HRB 57979,iurFRIEND AG â€“ DÃ¼sseldorf
59,,Bavaria District court MÃ¼nchen HRB 181911,AccorInvest Germany GmbH â€“ MÃ¼nchen
60,,Bavaria District court Aschaffenburg HRB 6806,DreÃŸler Bau GmbH â€“ Aschaffenburg
61,,Bavaria District court MÃ¼nchen HRB 179298,Open Text Software GmbH â€“ Grasbrunn
62,,Bavaria District court Aschaffenburg HRB 4444,STADTBAU ERLENBACH A. MAIN Gesellschaft mit beschrÃ¤nkter Haftung â€“ Erlenbach a. Main
63,,Bavaria District court MÃ¼nchen HRB 163489,"ordea AG â€“ Zolling, Ortsteil Palzing"
64,,Thuringia District court Jena HRB 401642,BBM - Bau & Boden MÃ¼hlhausen Aktiengesellschaft â€“ MÃ¼hlhausen / ThÃ¼ringen
65,,Bavaria District court MÃ¼nchen HRB 170001,Bayern Treuhand Aktiengesellschaft WirtschaftsprÃ¼fungsgesellschaft â€“ GrÃ¼nwald
66,,Hesse District court Marburg HRB 1040,GemeinnÃ¼tzige Wohnungsbau GmbH Marburg-Lahn â€“ Marburg/Lahn
67,,North Rhine-Westphalia District court Essen HRB 279,HOCHTIEF Aktiengesellschaft â€“ Essen
68,,Hesse District court Frankfurt am Main HRB 35801,KEBA Gesellschaft fÃ¼r interne Services mbH â€“ Frankfurt am Main
69,,Bavaria District court Augsburg HRB 36155,RENK GmbH â€“ Augsburg
70,,North Rhine-Westphalia District court Aachen HRB 11500,StÃ¤dtisches Wasserwerk Eschweiler GmbH â€“ Eschweiler
71,,Thuringia District court Jena HRB 103908,ThÃ¼ringer Landgesellschaft mbH â€“ Erfurt
72,,Hesse District court Frankfurt am Main HRB 121959,UoL-University of Labour gGmbH â€“ Frankfurt am Main
73,,Brandenburg District court Cottbus HRB 10145,Wildauer Sportbetriebsgesellschaft mbH â€“ Wildau
74,,North Rhine-Westphalia District court Duisburg HRB 14627,ZENIT Zentrum fÃ¼r Innovation und Technik in Nordrhein-Westfalen Gesellschaft mit beschrÃ¤nkter Haftung â€“ MÃ¼lheim an der Ruhr
75,,Baden-WÃ¼rttemberg District court Stuttgart HRB 282093,ZF Automotive Germany GmbH â€“ Alfdorf
76,,Hesse District court Frankfurt am Main HRB 104321,Academy of Labour gGmbH â€“ Frankfurt am Main
77,,Baden-WÃ¼rttemberg District court Stuttgart HRB 380197,BUB Beton- und Bau-Gesellschaft mit beschrÃ¤nkter Haftung â€“ TÃ¼bingen
78,,Baden-WÃ¼rttemberg District court Mannheim HRB 748969,Blanc & Fischer SE â€“ Oberderdingen
79,,Bremen District court Bremen HRB 3025,Bremer Toto und Lotto Gesellschaft mit beschrÃ¤nkter Haftung â€“ Bremen
80,,Berlin District court Berlin (Charlottenburg) HRB 78448,Deutsche Energie-Agentur GmbH (dena) â€“ Berlin
81,,North Rhine-Westphalia District court DÃ¼sseldorf HRB 94247,Douglas GmbH â€“ DÃ¼sseldorf
82,,Schleswig-Holstein District court Pinneberg HRB 1670 EL,Gesellschaft fÃ¼r Abfallwirtschaft und Abfallbehandlung mbH - GAB - â€“ Tornesch/Ahrenlohe
83,,Baden-WÃ¼rttemberg District court Stuttgart HRB 773047,Heller Holding SE & Co. KGaA â€“ NÃ¼rtingen
84,,Hesse District court Frankfurt am Main HRB 43755,ICF BANK AG Wertpapierhandelsbank â€“ Frankfurt am Main
85,,Baden-WÃ¼rttemberg District court Freiburg HRB 715150,Lake Project AG â€“ Ãœberlingen
86,,Saarland District court SaarbrÃ¼cken HRB 103769,Neodigital Versicherung AG â€“ Neunkirchen
87,,Berlin District court Berlin (Charlottenburg) HRB 99126,Smartbroker AG â€“ Berlin
88,,Berlin District court Berlin (Charlottenburg) HRB 127347,Storengy Deutschland Infrastructures GmbH â€“ Berlin
89,,Berlin District court Berlin (Charlottenburg) HRB 256733,ZB - Zukunftsperspektive Bau GmbH â€“ Berlin
90,,Lower Saxony District court OsnabrÃ¼ck HRB 213425,A-XELLENCE AG â€“ OsnabrÃ¼ck
91,,Berlin District court Berlin (Charlottenburg) HRB 87806,BIM Berliner Immobilienmanagement GmbH â€“ Berlin
92,,Lower Saxony District court GÃ¶ttingen HRB 3560,"Bierend, Zeller & Partner AG â€“ GÃ¶ttingen"
93,,Bavaria District court MÃ¼nchen HRB 203845,CANCOM SE â€“ MÃ¼nchen
94,,Thuringia District court Jena HRB 503201,Hufeland MVZ GmbH â€“ Bad Langensalza
95,,Berlin District court Berlin (Charlottenburg) HRB 205953,IOLITE IQ GmbH â€“ Berlin
96,,Bavaria District court MÃ¼nchen HRB 206736,LIVIA Corporate Development SE â€“ MÃ¼nchen
97,,Hesse District court Darmstadt HRB 54518,SUBITO AG â€“ MÃ¶rfelden-Walldorf
98,,Berlin District court Berlin (Charlottenburg) HRB 96260,Smartbroker Holding AG â€“ Berlin
99,,Bavaria District court MÃ¼nchen HRB 232591,Spark Networks SE â€“ MÃ¼nchen
100,,Bavaria District court MÃ¼nchen HRB 199708,Wearable Technologies AG â€“ Herrsching
101,,Saxony District court Chemnitz HRB 12630,WirtschaftsfÃ¶rderung Erzgebirge GmbH â€“ Annaberg-Buchholz
102,,Thuringia District court Jena HRB 200374,Wohnungsbau- und Verwaltungsgesellschaft Saalfeld/Saale mbH â€“ Saalfeld/Saale
103,,Bavaria District court MÃ¼nchen HRB 285425,Blitz 23-839 SE â€“ MÃ¼nchen
104,,Baden-WÃ¼rttemberg District court Freiburg HRB 952,Freiburger Verkehrs Aktiengesellschaft â€“ Freiburg im Breisgau
105,,Berlin District court Berlin (Charlottenburg) HRB 185420,Jemeingut AG â€“ Berlin
106,,Berlin District court Berlin (Charlottenburg) HRB 203542,Jumia Technologies AG â€“ Berlin
107,,Berlin District court Berlin (Charlottenburg) HRB 76542,Klopotek AG â€“ Berlin
108,,North Rhine-Westphalia District court Bochum HRB 20910,Luchs AG â€“ Bochum
109,,North Rhine-Westphalia District court Duisburg HRB 25819,Mitsubishi Power Europe GmbH â€“ Duisburg
110,,North Rhine-Westphalia District court Lemgo HRB 4337,Raiffeisen Ostwestfalen-Lippe AG â€“ Lage
111,,Rhineland-Palatinate District court Ludwigshafen a.Rhein (Ludwigshafen) HRB 3570,SAINT-GOBAIN ISOVER G+H Aktiengesellschaft â€“ Ludwigshafen a. Rh.
112,,Bavaria District court Aschaffenburg HRB 7843,Stadtwerke Aschaffenburg Verkehrs GmbH â€“ Aschaffenburg
113,,Baden-WÃ¼rttemberg District court Freiburg HRB 930,Stadtwerke Freiburg GmbH â€“ Freiburg im Breisgau
114,,Hesse District court Kassel HRB 13287,VRK Versicherungsverein auf Gegenseitigkeit im Raum der Kirchen â€“ Kassel
115,,Berlin District court Berlin (Charlottenburg) HRB 118813,Wind Service CE AG â€“ Berlin
116,,North Rhine-Westphalia District court DÃ¼sseldorf HRB 91139,fashionette AG â€“ DÃ¼sseldorf
117,,Baden-WÃ¼rttemberg District court Mannheim HRB 504365,DITABIS Digital Biomedical Imaging Systems AG â€“ Pforzheim
118,,Baden-WÃ¼rttemberg District court Ulm HRB 5363,DRS Deutsche Retail Services AG â€“ Ulm
119,,Berlin District court Berlin (Charlottenburg) HRB 124396,Eduard Winter Dienstleistungsgesellschaft mbH â€“ Berlin
120,,Berlin District court Berlin (Charlottenburg) HRB 4391,Eduard Winter Verwaltungsgesellschaft mbH â€“ Berlin
121,,Hamburg District court Hamburg HRB 164101,Erste Biopower Investment AG â€“ Hamburg
122,,Hesse District court Frankfurt am Main HRB 108410,FORMAXX AG â€“ Eschborn
123,,North Rhine-Westphalia District court DÃ¼sseldorf HRB 102084,Hoyer SE â€“ DÃ¼sseldorf
124,,Berlin District court Berlin (Charlottenburg) HRB 223152,IGP Advantag AG â€“ Berlin
125,,Rhineland-Palatinate District court Mainz HRB 50334,IMDIRA AG â€“ Mainz
126,,North Rhine-Westphalia District court Essen HRB 31402,TK Elevator GmbH â€“ Essen
127,,North Rhine-Westphalia District court Essen HRB 19621,Vivawest GmbH â€“ Essen
128,,North Rhine-Westphalia District court Essen HRB 22921,Vivawest Wohnen GmbH â€“ Essen
129,,Bavaria District court MÃ¼nchen HRB 251949,G.C.C.S. Holding AG â€“ MÃ¼nchen
130,,Bavaria District court MÃ¼nchen HRB 62355,MAN Truck & Bus Deutschland GmbH â€“ MÃ¼nchen
131,,Bavaria District court MÃ¼nchen HRB 280569,Mosel Bidco SE â€“ MÃ¼nchen
132,,Bavaria District court MÃ¼nchen HRB 183944,Mountain Alliance AG â€“ MÃ¼nchen
133,,Lower Saxony District court Hannover HRB 100013 Formerly district court (Amtsgericht) Hameln,Aerzener Maschinenfabrik Gesellschaft mit beschrÃ¤nkter Haftung. â€“ Aerzen
134,,Hesse District court Wiesbaden HRB 9592,Altenhilfe Wiesbaden GmbH â€“ Wiesbaden
135,,Brandenburg District court Frankfurt/Oder HRB 3883,ArcelorMittal EisenhÃ¼ttenstadt GmbH â€“ EisenhÃ¼ttenstadt
136,,Hesse District court Frankfurt am Main HRB 83422,BTS Finance Group AG â€“ Eschborn
137,,Hesse District court Frankfurt am Main HRB 84012,Bundesliga International GmbH â€“ Frankfurt am Main
138,,Lower Saxony District court Hildesheim HRB 2419,DRK Hildesheim-Marienburg Gesellschaft fÃ¼r soziale Einrichtungen mbH â€“ Hildesheim
139,,Saxony District court Dresden HRB 11433,Deutsche Telekom MMS GmbH â€“ Dresden
140,,Hesse District court Frankfurt am Main HRB 80376,EURO Kartensysteme GmbH â€“ Frankfurt am Main
141,,Thuringia District court Jena HRB 112226,Folietec Kunststoffwerk AG â€“ RoÃŸleben-Wiehe
142,,Berlin District court Berlin (Charlottenburg) HRB 44343,GASAG AG â€“ Berlin
143,,Bavaria District court NÃ¼rnberg HRB 35257,Inclusify AG â€“ NÃ¼rnberg
144,,Schleswig-Holstein District court Kiel HRB 4866,MÃ¼llverbrennung Kiel Verwaltungs GmbH â€“ Kiel
145,,Brandenburg District court Neuruppin HRB 1926,Rinderzucht Lanz - Lenzen AG â€“ Lenzen
146,,Baden-WÃ¼rttemberg District court Mannheim HRB 729172,SNP Schneider-Neureither & Partner SE â€“ Heidelberg
147,,Hesse District court Frankfurt am Main HRB 40832,Stadtwerke Verkehrsgesellschaft Frankfurt am Main mbH â€“ Frankfurt am Main
148,,North Rhine-Westphalia District court DÃ¼sseldorf HRB 102053,VISKA SE â€“ DÃ¼sseldorf
149,,Berlin District court Berlin (Charlottenburg) HRB 77849,Vivantes - Netzwerk fÃ¼r Gesundheit GmbH â€“ Berlin
150,,Hesse District court Wiesbaden HRB 26523,WiBau GmbH â€“ Wiesbaden
151,,Bavaria District court Coburg HRB 107,Wohnbau Stadt Coburg GmbH â€“ Coburg
152,,North Rhine-Westphalia District court Iserlohn HRB 5096,Wohnungsgesellschaft Werdohl GmbH â€“ Werdohl
153,,Bavaria District court Passau HRB 11421,mymuesli AG â€“ Passau
154,,Hesse District court KÃ¶nigstein HRB 1401,"\""KÃ¶nigsteiner Kurgesellschaft mit beschrÃ¤nkter Haftung\"" â€“ KÃ¶nigstein im Taunus"
155,,Lower Saxony District court Oldenburg (Oldenburg) HRB 140626 Formerly district court (Amtsgericht) Delmenhorst,ADG Abfallwirtschaft Delmenhorst GmbH â€“ Delmenhorst
156,,Berlin District court Berlin (Charlottenburg) HRB 75459,AWIN AG â€“ Berlin
157,,North Rhine-Westphalia District court Neuss HRB 14870,Acclivis Investment-AG TGV â€“ Neuss
158,,North Rhine-Westphalia District court Aachen HRB 16636,Aixtra Solar AG â€“ Aachen
159,,Mecklenburg-Western Pomerania District court Stralsund HRB 2919 Formerly district court (Amtsgericht) Rostock,Bodden-Kliniken Ribnitz-Damgarten GmbH â€“ Ribnitz-Damgarten
160,,North Rhine-Westphalia District court Dortmund HRB 15579,CDI Concepts Development Integration Aktiengesellschaft. â€“ Dortmund
161,,North Rhine-Westphalia District court KÃ¶ln HRB 72608,DFL Digital Sports GmbH â€“ KÃ¶ln
162,,Saarland District court SaarbrÃ¼cken HRB 7834,GIU Gesellschaft fÃ¼r Innovation und UnternehmensfÃ¶rderung mit beschrÃ¤nkter Haftung â€“ SaarbrÃ¼cken
163,,Hesse District court GieÃŸen HRB 3013,Golfplatz Lich Aktiengesellschaft â€“ Lich
164,,Bavaria District court Aschaffenburg HRB 14574,Joyson Safety Systems Germany GmbH â€“ Aschaffenburg
165,,Brandenburg District court Neuruppin HRB 9510,Kreiskrankenhaus Prignitz Gesundheitszentrum GmbH â€“ Perleberg
166,,Brandenburg District court Neuruppin HRB 8226,Kreiskrankenhaus Prignitz Schule fÃ¼r Gesundheitsberufe Perleberg GmbH â€“ Perleberg
167,,Brandenburg District court Neuruppin HRB 8205,Kreiskrankenhaus Prignitz Seniorenpflegezentrum Perleberg GmbH â€“ Perleberg
168,,Brandenburg District court Neuruppin HRB 5426,Kreiskrankenhaus Prignitz Servicegesellschaft GmbH â€“ Perleberg
169,,Brandenburg District court Neuruppin HRB 4981,Kreiskrankenhaus Prignitz gemeinnÃ¼tzige GmbH â€“ Perleberg
170,,Baden-WÃ¼rttemberg District court Mannheim HRB 101879,MICHELIN REIFENWERKE AG & Co. Kommanditgesellschaft auf Aktien â€“ Karlsruhe
171,,Hesse District court Frankfurt am Main HRB 130249,Neptune BidCo AG â€“ Frankfurt am Main
172,,Baden-WÃ¼rttemberg District court Mannheim HRB 520498,StÃ¤dtische Wohnungsgesellschaft Gaggenau mit beschrÃ¤nkter Haftung â€“ Gaggenau
173,,Rhineland-Palatinate District court Mainz HRB 43191,TRON - Translationale Onkologie an der UniversitÃ¤tsmedizin der Johannes Gutenberg-UniversitÃ¤t Mainz gemeinnÃ¼tzige GmbH â€“ Mainz
174,,Berlin District court Berlin (Charlottenburg) HRB 238095,Youco B22-H131 Vorrats-AG â€“ Berlin
175,,North Rhine-Westphalia District court DÃ¼sseldorf HRB 39664,Apo Asset Management GmbH â€“ DÃ¼sseldorf
176,,Saxony District court Dresden HRB 10756,B. Braun Avitum Saxonia GmbH â€“ Radeberg
177,,Rhineland-Palatinate District court Mainz HRB 90,Bausparkasse Mainz Aktiengesellschaft â€“ Mainz
178,,Bavaria District court Augsburg HRB 23648,EUROWIG AG â€“ Thierhaupten
179,,Rhineland-Palatinate District court Mainz HRB 4066,Eckes-Granini Deutschland GmbH â€“ Nieder-Olm
180,,Berlin District court Berlin (Charlottenburg) HRB 74180,Eduard Winter Immobilien Verwaltungs-GmbH â€“ Berlin
181,,Hamburg District court Hamburg HRB 132565,Epilog VermÃ¶gensverwaltungs AG â€“ Hamburg
182,,Hamburg District court Hamburg HRB 3758,Fischmarkt Hamburg-Altona Gesellschaft mit beschrÃ¤nkter Haftung â€“ Hamburg
183,,Berlin District court Berlin (Charlottenburg) HRB 118165,GeschÃ¤ftshaus FranklinstraÃŸe 25 Verwaltungsgesellschaft mbH â€“ Berlin
184,,Berlin District court Berlin (Charlottenburg) HRB 37967,GeschÃ¤ftszentrum KurfÃ¼rstendamm 106 Verwaltungs-GmbH â€“ Berlin
185,,Brandenburg District court Neuruppin HRB 1300,Gesundheitszentrum Wittenberge GmbH â€“ Wittenberge
186,,Bavaria District court MÃ¼nchen HRB 251567,Gulati HoGA Holding AG â€“ MÃ¼nchen
187,,Bavaria District court MÃ¼nchen HRB 110375,H e x a l Aktiengesellschaft â€“ Holzkirchen
188,,Bavaria District court MÃ¼nchen HRB 42030,MÃ¼nchener Tierpark Hellabrunn Aktiengesellschaft â€“ MÃ¼nchen
189,,Hamburg District court Hamburg HRB 182174,maxingvest GmbH & Co. KGaA â€“ Hamburg
190,,Bavaria District court MÃ¼nchen HRB 139673,ARRI AG â€“ MÃ¼nchen
191,,Baden-WÃ¼rttemberg District court Ulm HRB 501194,Alfing Montagetechnik GmbH â€“ Aalen
192,,Baden-WÃ¼rttemberg District court Ulm HRB 501194,Alfing Montagetechnik GmbH â€“ Aalen
193,,Brandenburg District court Cottbus HRB 6950,Carl-Thiem-Klinikum Cottbus gGmbH â€“ Cottbus/ChÃ³Å›ebuz
194,,Hesse District court Offenbach am Main HRB 43585,DuPont de Nemours (Deutschland) GmbH â€“ Neu-Isenburg
195,,North Rhine-Westphalia District court KÃ¶ln HRB 1924,EXCELSIOR HOTEL ERNST Aktiengesellschaft â€“ KÃ¶ln
196,,Berlin District court Berlin (Charlottenburg) HRB 123774,GeschÃ¤ftshaus FranklinstraÃŸe 22/23 Verwaltungsgesellschaft mbH â€“ Berlin
197,,Baden-WÃ¼rttemberg District court Freiburg HRB 705104,Hochrhein Internationale RÃ¼ckversicherung Aktiengesellschaft â€“ BÃ¼singen am Hochrhein
198,,Lower Saxony District court Hildesheim HRB 110512 Formerly district court (Amtsgericht) Alfeld,INTERPANE GLAS INDUSTRIE Aktiengesellschaft â€“ LauenfÃ¶rde
199,,Saarland District court SaarbrÃ¼cken HRB 63714,Klinikum Merzig gGmbH â€“ Merzig
200,,Berlin District court Berlin (Charlottenburg) HRB 195170,MEDIAN West GmbH â€“ Berlin
201,,Hesse District court Frankfurt am Main HRB 114983,Novetum Green Buildings AG â€“ Frankfurt am Main
202,,Hesse District court Frankfurt am Main HRB 132455,ProCredit Holding AG â€“ Frankfurt am Main
203,,Bavaria District court MÃ¼nchen HRB 219439,ProSiebenSat.1 Media SE â€“ UnterfÃ¶hring
204,,North Rhine-Westphalia District court DÃ¼ren HRB 6612,Stadtentwicklungs- und Dienstleistungsgesellschaft der Stadt Linnich mbH â€“ Linnich
205,,Baden-WÃ¼rttemberg District court Stuttgart HRB 213575,TK Aufzugswerke GmbH â€“ Neuhausen auf den Fildern
206,,North Rhine-Westphalia District court KÃ¶ln HRB 27124,TÃœV Rheinland Kraftfahrt GmbH â€“ KÃ¶ln
207,,Hesse District court Hanau HRB 7200,Umicore Management AG â€“ Hanau
208,,Lower Saxony District court Hannover HRB 210235,Volkswagen Gebrauchtfahrzeughandels und Service GmbH â€“ Langenhagen
209,,Bavaria District court MÃ¼nchen HRB 159705,Wacker Chemie AG â€“ MÃ¼nchen
210,,Bremen District court Bremen HRB 36910,affinis AG â€“ Bremen
211,,Berlin District court Berlin (Charlottenburg) HRB 147595,connexx.av GmbH â€“ Berlin
212,,Baden-WÃ¼rttemberg District court Stuttgart HRB 732259,AAA-Pharma GmbH â€“ BÃ¶blingen
213,,Hesse District court Frankfurt am Main HRB 116802,DXC Technology Deutschland GmbH â€“ Eschborn
214,,Berlin District court Berlin (Charlottenburg) HRB 117588,EWN VermÃ¶gensanlagen und -beteiligungen Verwaltungsgesellschaft mbH â€“ Berlin
215,,Baden-WÃ¼rttemberg District court Stuttgart HRB 761846,Fichtner IT Consulting GmbH â€“ Stuttgart
216,,Bremen District court Bremen HRB 35429,Fresh Solutions GmbH â€“ Bremen
217,,Schleswig-Holstein District court Kiel HRB 9369,Gesundheits- und Pflegeeinrichtungen des Kreises PlÃ¶n gemeinnÃ¼tzige GmbH â€“ Preetz
218,,North Rhine-Westphalia District court KÃ¶ln HRB 70748,I-D Media AG â€“ KÃ¶ln
219,,Baden-WÃ¼rttemberg District court Mannheim HRB 100565,Kerntechnische Entsorgung Karlsruhe GmbH â€“ Eggenstein-Leopoldshafen
220,,Baden-WÃ¼rttemberg District court Mannheim HRB 746938,Movico Bischoff + Scheck AG â€“ RheinmÃ¼nster
221,,Baden-WÃ¼rttemberg District court Mannheim HRB 335395,Musikschule SchÃ¶nau gem. GmbH â€“ SchÃ¶nau
222,,Brandenburg District court Cottbus HRB 14979,Nunsdorfer Ring 15 Objektgesellschaft mbH â€“ SchÃ¶nefeld
223,,Lower Saxony District court Aurich HRB 204095,Physio AG â€“ Detern
224,,Baden-WÃ¼rttemberg District court Stuttgart HRB 2643,Stuttgarter Versorgungs- und Verkehrsgesellschaft mit beschrÃ¤nkter Haftung â€“ Stuttgart
225,,Hesse District court Frankfurt am Main HRB 131363,aPrio1 AG â€“ Frankfurt am Main
226,,Hesse District court Frankfurt am Main HRB 96527,abrdn Investments Deutschland AG â€“ Frankfurt am Main
227,,Hamburg District court Hamburg HRB 56777,rehaVital Gesundheitsservice GmbH â€“ Hamburg
228,,Bavaria District court Augsburg HRB 22709,KUKA Aktiengesellschaft â€“ Augsburg
229,,Bavaria District court WÃ¼rzburg HRB 12879,Simplifier AG â€“ WÃ¼rzburg
230,,Bavaria District court NÃ¼rnberg HRB 21016,anwalt.de services AG â€“ NÃ¼rnberg
231,,North Rhine-Westphalia District court DÃ¼sseldorf HRB 68270,1&1 Versatel Deutschland GmbH â€“ DÃ¼sseldorf
232,,North Rhine-Westphalia District court Duisburg HRB 37045,BOOOST SE â€“ MÃ¼lheim an der Ruhr
233,,Hesse District court Wetzlar HRB 8199,Diakoniestation Ehringshausen gemeinnÃ¼tzige GmbH â€“ Ehringshausen
234,,Bavaria District court FÃ¼rth HRB 4886,Elektrobit Automotive GmbH â€“ Erlangen
235,,Bavaria District court MÃ¼nchen HRB 281696,Eviden Germany GmbH â€“ MÃ¼nchen
236,,Lower Saxony District court Braunschweig HRB 100020 Formerly district court (Amtsgericht) Wolfsburg,Fallersleber ElektrizitÃ¤ts-Aktiengesellschaft â€“ Wolfsburg
237,,Berlin District court Berlin (Charlottenburg) HRB 178443,KUGU Home GmbH â€“ Berlin
238,,Baden-WÃ¼rttemberg District court Ulm HRB 660030,Kreisbaugesellschaft Heidenheim Gesellschaft mit beschrÃ¤nkter Haftung â€“ Giengen an der Brenz
239,,Hesse District court Marburg HRB 2054,Siemens Healthcare Diagnostics Products GmbH â€“ Marburg
240,,North Rhine-Westphalia District court DÃ¼sseldorf HRB 41106,TETRARCH Aktiengesellschaft â€“ DÃ¼sseldorf
241,,North Rhine-Westphalia District court KÃ¶ln HRB 26876,TÃœV Rheinland Industrie Service GmbH â€“ KÃ¶ln
242,,Saxony District court Leipzig HRB 28972,beratungswerk24 Aktiengesellschaft â€“ Leipzig
243,,Schleswig-Holstein District court Pinneberg HRB 8910,tel.quick Verwaltungs GmbH â€“ Quickborn/Krs. Pinneberg
244,,Schleswig-Holstein District court Kiel HRB 17422,AuA24 AG â€“ Norderstedt
245,,Hesse District court Fritzlar HRB 11582,DIUG Deutsches Institut fÃ¼r umweltgerechte Produktion und gesundes Wohnklima GmbH â€“ Bad Wildungen
246,,Bavaria District court Ingolstadt HRB 4871,Die Biohennen AG â€“ Vohburg a. d. Donau
247,,Baden-WÃ¼rttemberg District court Mannheim HRB 729616,GBS Software AG â€“ Karlsruhe
248,,Rhineland-Palatinate District court Kaiserslautern HRB 30022,GemeinnÃ¼tzige Integrationsgesellschaft Kaiserslautern mbH (iKL) â€“ Kaiserslautern
249,,Baden-WÃ¼rttemberg District court Mannheim HRB 8258,Hays AG â€“ Mannheim
250,,Lower Saxony District court Hannover HRB 202516,KRH Servicegesellschaft mbH â€“ Hannover
251,,Bavaria District court MÃ¼nchen HRB 228958,Omega AG â€“ MÃ¼nchen
252,,Hesse District court Darmstadt HRB 91821,Opel Automobile GmbH â€“ RÃ¼sselsheim
253,,Saarland District court SaarbrÃ¼cken HRB 5561,RVI GmbH â€“ SaarbrÃ¼cken
254,,North Rhine-Westphalia District court Aachen HRB 55,SAINT-GOBAIN GLASS Deutschland GmbH â€“ Stolberg
255,,North Rhine-Westphalia District court DÃ¼sseldorf HRB 65250,Saint-Gobain Weber GmbH â€“ DÃ¼sseldorf
256,,Baden-WÃ¼rttemberg District court Stuttgart HRB 753523,SchwÃ¤bisch Hall Kreditservice GmbH â€“ SchwÃ¤bisch Hall
257,,North Rhine-Westphalia District court Bonn HRB 15257,Scopevisio AG â€“ Bonn
258,,Hesse District court Frankfurt am Main HRB 131120,SkylinehÃ¶he 105. V V AG â€“ Frankfurt am Main
259,,Baden-WÃ¼rttemberg District court Freiburg HRB 410447,StÃ¤dtische Wohnungsbaugesellschaft mbH Rheinfelden â€“ Rheinfelden (Baden)
260,,Hamburg District court Hamburg HRB 106718,TAG Immobilien AG â€“ Hamburg
261,,Baden-WÃ¼rttemberg District court Stuttgart HRB 728000,Thales Deutschland GmbH â€“ Stuttgart
262,,Lower Saxony District court Hannover HRB 3387,VHV Vereinigte Hannoversche Versicherung a.G. â€“ Hannover
263,,North Rhine-Westphalia District court DÃ¼sseldorf HRB 95209,Vodafone West GmbH â€“ DÃ¼sseldorf
264,,Berlin District court Berlin (Charlottenburg) HRB 76019,Wilms Aktiengesellschaft â€“ Berlin
265,,Lower Saxony District court OsnabrÃ¼ck HRB 206286,Zoo OsnabrÃ¼ck gemeinnÃ¼tzige GmbH â€“ OsnabrÃ¼ck
266,,North Rhine-Westphalia District court MÃ¼nster HRB 17351,technotrans SE â€“ Sassenberg
267,,Hamburg District court Hamburg HRB 121088,thjnk ag â€“ Hamburg
268,,Bavaria District court MÃ¼nchen HRB 254345,ARQET Beteiligungsgesellschaft mbH & Co. KGaA â€“ MÃ¼nchen
269,,Baden-WÃ¼rttemberg District court Ulm HRB 501193,Alfing KeÃŸler Sondermaschinen GmbH â€“ Aalen
270,,Baden-WÃ¼rttemberg District court Ulm HRB 729018,Axito GmbH â€“ Laupheim
271,,Berlin District court Berlin (Charlottenburg) HRB 87691,DB Station&Service Aktiengesellschaft â€“ Berlin
272,,Bavaria District court MÃ¼nchen HRB 128888,DJE Kapital AG â€“ Pullach
273,,North Rhine-Westphalia District court Coesfeld HRB 4625 Formerly district court (Amtsgericht) Coesfeld,Entsorgungsgesellschaft WestmÃ¼nsterland mbH â€“ Gescher
274,,North Rhine-Westphalia District court KÃ¶ln HRB 98200,Expleo Technology Germany GmbH â€“ KÃ¶ln
275,,Bavaria District court Ansbach HRB 8149,Glasfaser Gesellschaft DinkelsbÃ¼hl GmbH â€“ DinkelsbÃ¼hl
276,,Lower Saxony District court Hannover HRB 60722,HDI AG â€“ Hannover
277,,Berlin District court Berlin (Charlottenburg) HRB 162426,ICE International Copyright Enterprise Germany GmbH â€“ Berlin
278,,Rhineland-Palatinate District court Montabaur HRB 20918,KlÃ¶ckner Pentaplast GmbH â€“ Heiligenroth
279,,Baden-WÃ¼rttemberg District court Mannheim HRB 728528,Q-nnect AG â€“ Mannheim
280,,Lower Saxony District court LÃ¼neburg HRB 204123,Rheinmetall Landsysteme GmbH â€“ SÃ¼dheide
281,,Berlin District court Berlin (Charlottenburg) HRB 12300,Siemens Aktiengesellschaft â€“ Berlin und MÃ¼nchen
282,,Bremen District court Bremen HRB 3715 BHV,Siemens Gamesa Renewable Energy Deutschland GmbH â€“ Bremerhaven
283,,Berlin District court Berlin (Charlottenburg) HRB 96260,Smartbroker Holding AG â€“ Berlin
284,,Lower Saxony District court Hannover HRB 202618,Syntellix AG â€“ Hannover
285,,Hesse District court Offenbach am Main HRB 47471,Trofema AG â€“ Dietzenbach
286,,Lower Saxony District court Hannover HRB 61051,VHV Holding AG â€“ Hannover
287,,Lower Saxony District court Hannover HRB 223841,VHV digital development GmbH â€“ Hannover
288,,Schleswig-Holstein District court Flensburg HRB 1565 HU,WirtschaftsfÃ¶rderungsgesellschaft Nordfriesland mbH â€“ Husum
289,,North Rhine-Westphalia District court Essen HRB 31808,ALDI Einkauf Verwaltung SE â€“ Essen
290,,North Rhine-Westphalia District court KÃ¶ln HRB 35380,AZ Augenchirurgische Zentren AG â€“ KÃ¶ln
291,,Lower Saxony District court Hannover HRB 216987,BETHGE Rechtsanwaltsgesellschaft AG â€“ Hannover
292,,Schleswig-Holstein District court Flensburg HRB 10234,Biogas Schleswig GmbH â€“ Schleswig
293,,Bavaria District court MÃ¼nchen HRB 143533,CM-Equity AG â€“ MÃ¼nchen
294,,Bavaria District court MÃ¼nchen HRB 143533,CM-Equity AG â€“ MÃ¼nchen
295,,Bavaria District court MÃ¼nchen HRB 143533,CM-Equity AG â€“ MÃ¼nchen
296,,Bavaria District court MÃ¼nchen HRB 143533,CM-Equity AG â€“ MÃ¼nchen
297,,North Rhine-Westphalia District court Bochum HRB 12955,Caritas Altenhilfe Bochum GmbH â€“ Bochum
298,,Hesse District court Hanau HRB 93238,Engelbert Strauss International AG â€“ BiebergemÃ¼nd
299,,North Rhine-Westphalia District court Coesfeld HRB 4625 Formerly district court (Amtsgericht) Coesfeld,Entsorgungsgesellschaft WestmÃ¼nsterland mbH â€“ Gescher
300,,Saxony District court Chemnitz HRB 9743,GebÃ¤ude- und GrundstÃ¼cksgesellschaft Zwickau mbH - GGZ - â€“ Zwickau
301,,Bavaria District court MÃ¼nchen HRB 228194,GrÃ¼ngold AG â€“ Weilheim i.OB
302,,Bavaria District court MÃ¼nchen HRB 145168,IS2 Intelligent Solution Services AG â€“ Marzling
303,,Hesse District court Offenbach am Main HRB 41465,Immoservice MÃ¼hlheim am Main GmbH â€“ MÃ¼hlheim am Main
304,,Hesse District court Wiesbaden HRB 20984,KEGON Aktiengesellschaft â€“ Wiesbaden
305,,Bavaria District court Aschaffenburg HRB 12203,Linde Hydraulics Verwaltungs GmbH â€“ Aschaffenburg
306,,Lower Saxony District court Braunschweig HRB 210214,Schnellecke Real Estate GmbH â€“ Wolfsburg
307,,Baden-WÃ¼rttemberg District court Freiburg HRB 280379,Wasserkraft-Volk Aktiengesellschaft â€“ Gutach im Breisgau
308,,Hesse District court Offenbach am Main HRB 2065,Wohnbau MÃ¼hlheim am Main GmbH â€“ MÃ¼hlheim am Main
309,,Rhineland-Palatinate District court Koblenz HRB 79,ZF Active Safety GmbH â€“ Koblenz
310,,Baden-WÃ¼rttemberg District court Ulm HRB 630217,Zeppelin GmbH â€“ Friedrichshafen
311,,Hesse District court Frankfurt am Main HRB 126720,firstcolo Holding GmbH â€“ Frankfurt am Main
312,,Baden-WÃ¼rttemberg District court Mannheim HRB 714770,powercloud GmbH â€“ Achern
313,,Hesse District court Bad Homburg v.d.H. HRB 5490,BMI Deutschland GmbH â€“ Oberursel (Taunus)
314,,North Rhine-Westphalia District court KÃ¶ln HRB 96492,Deutschordens-Altenzentren Konrad Adenauer gGmbH â€“ KÃ¶ln
315,,Schleswig-Holstein District court Kiel HRB 17659,Krankenpflege Aukrug gGmbH â€“ Aukrug
316,,Lower Saxony District court OsnabrÃ¼ck HRB 213800,KÃ¶ster Holding SE â€“ OsnabrÃ¼ck
317,,Schleswig-Holstein District court LÃ¼beck HRB 22856,Mondo Gate Aktiengesellschaft â€“ Neustadt in Holstein
318,,North Rhine-Westphalia District court Bielefeld HRB 43083,NewPlacement AG â€“ Bielefeld
319,,Saarland District court SaarbrÃ¼cken HRB 108025,Next2Sun AG â€“ Dillingen/Saar
320,,Baden-WÃ¼rttemberg District court Ulm HRB 641642,Sana Kliniken Landkreis Biberach GmbH â€“ Biberach an der RiÃŸ
321,,Schleswig-Holstein District court LÃ¼beck HRB 1040 SB,Stadtwerke Schwarzenbek GmbH â€“ Schwarzenbek
322,,Baden-WÃ¼rttemberg District court Mannheim HRB 107847,VBK - Verkehrsbetriebe Karlsruhe GmbH â€“ Karlsruhe
323,,Baden-WÃ¼rttemberg District court Stuttgart HRB 750582,VfB Stuttgart 1893 AG â€“ Stuttgart
324,,Lower Saxony District court Hannover HRB 57893,expert Wachstums- und Beteiligungs SE â€“ Langenhagen
325,,Bavaria District court Kempten (AllgÃ¤u) HRB 7626,FRISTO GETRÃ„NKEMARKT GmbH â€“ Buchloe
326,,Bavaria District court MÃ¼nchen HRB 91181,Knorr-Bremse Systeme fÃ¼r Schienenfahrzeuge GmbH â€“ MÃ¼nchen
327,,Bavaria District court MÃ¼nchen HRB 235141,NOIX AG â€“ MÃ¼nchen
328,,Hesse District court Wiesbaden HRB 28636,Athora Deutschland GmbH â€“ Wiesbaden
329,,Bavaria District court MÃ¼nchen HRB 235509,Atos Information Technology GmbH â€“ MÃ¼nchen
330,,Baden-WÃ¼rttemberg District court Stuttgart HRB 735291,BiosphÃ¤renhotels & BiosphÃ¤renwirte Gesellschaft mit beschrÃ¤nkter Haftung â€“ MÃ¼nsingen
331,,Berlin District court Berlin (Charlottenburg) HRB 94431,EJF gemeinnÃ¼tzige AG â€“ Berlin
332,,Berlin District court Berlin (Charlottenburg) HRB 169096,Francotyp-Postalia Holding AG â€“ Berlin
333,,Bavaria District court MÃ¼nchen HRB 250638,Generali Deutschland Versicherung AG â€“ MÃ¼nchen
334,,Schleswig-Holstein District court Pinneberg HRB 15884,HanseGarnelen AG â€“ GlÃ¼ckstadt
335,,Hesse District court Frankfurt am Main HRB 90085,Lufthansa Cargo Aktiengesellschaft â€“ Frankfurt am Main
336,,Berlin District court Berlin (Charlottenburg) HRB 201459,ProNoblis AG â€“ Berlin
337,,North Rhine-Westphalia District court Bonn HRB 17292,Senioren-Wohnstift Beethoven Betriebs GmbH â€“ Bornheim
338,,Bavaria District court MÃ¼nchen HRB 213821,Siemens Healthcare GmbH â€“ MÃ¼nchen
339,,Bavaria District court MÃ¼nchen HRB 187404,Sparkassen-Immobilien-Vermittlungs-GmbH â€“ MÃ¼nchen
340,,Schleswig-Holstein District court Pinneberg HRB 6234,Stadtwerke Quickborn GmbH â€“ Quickborn/Krs. Pinneberg
341,,Bavaria District court MÃ¼nchen HRB 235132,SÃœSS MicroTec SE â€“ Garching b.MÃ¼nchen
342,,Hamburg District court Hamburg HRB 153779,THE MEGALON GROUP AG â€“ Hamburg
343,,Baden-WÃ¼rttemberg District court Stuttgart HRB 451002,Tuttlinger Parkhaus GmbH â€“ Tuttlingen
344,,Bavaria District court MÃ¼nchen HRB 247508,medondo holding AG â€“ MÃ¼nchen
345,,Berlin District court Berlin (Charlottenburg) HRB 243752,ASB Berlin-Nordwest hilft gGmbH â€“ Berlin
346,,North Rhine-Westphalia District court Dortmund HRB 19537,AURiS Rechtsanwalts AG â€“ Dortmund
347,,Hesse District court Wiesbaden HRB 10157,Athora Deutschland Service GmbH â€“ Wiesbaden
348,,Hesse District court Frankfurt am Main HRB 86915,Axon Public Safety Germany SE â€“ Frankfurt am Main
349,,North Rhine-Westphalia District court Paderborn HRB 4647,Bad Driburger Touristik GmbH â€“ Bad Driburg
350,,Baden-WÃ¼rttemberg District court Stuttgart HRB 748,Deutscher Sparkassen Verlag GmbH â€“ Stuttgart
351,,Baden-WÃ¼rttemberg District court Freiburg HRB 550514,Deutsches Rotes Kreuz Landkreis Konstanz - Rettungsdienst gGmbH - â€“ Radolfzell am Bodensee
352,,Berlin District court Berlin (Charlottenburg) HRB 200131,Die Autobahn GmbH des Bundes â€“ Berlin
353,,North Rhine-Westphalia District court Dortmund HRB 19417,EDG Entsorgung Dortmund GmbH â€“ Dortmund
354,,North Rhine-Westphalia District court DÃ¼ren HRB 3498,Forschungszentrum JÃ¼lich GmbH â€“ JÃ¼lich
355,,Baden-WÃ¼rttemberg District court Mannheim HRB 744768,Fuchs Planungs-AG â€“ Mannheim
356,,Baden-WÃ¼rttemberg District court Mannheim HRB 702991,Gewerbeentwicklung Baden-Baden GmbH â€“ Baden-Baden
357,,Bavaria District court Aschaffenburg HRB 9963,Linde Material Handling GmbH â€“ Aschaffenburg
358,,Hesse District court Wiesbaden HRB 18467,MHT Mold & Hotrunner Technology AG â€“ Hochheim am Main
359,,Berlin District court Berlin (Charlottenburg) HRB 151121,Market Logic Software AG â€“ Berlin
360,,Saarland District court SaarbrÃ¼cken HRB 13568,Naturland Ã–koflÃ¤chen-Management GmbH â€“ SaarbrÃ¼cken
361,,Bavaria District court Augsburg HRB 33816,QUANTRON AG â€“ Gersthofen
362,,Hamburg District court Hamburg HRB 11168,STILL Gesellschaft mit beschrÃ¤nkter Haftung â€“ Hamburg
363,,Baden-WÃ¼rttemberg District court Stuttgart HRB 728140,Stadtwerke Schorndorf GmbH â€“ Schorndorf
364,,Bavaria District court MÃ¼nchen HRB 6825,Triumph International GmbH â€“ MÃ¼nchen
365,,Bavaria District court NÃ¼rnberg HRB 261,Wohnungsbaugesellschaft der Stadt RÃ¶thenbach a. d. Pegnitz mit beschrÃ¤nkter Haftung â€“ RÃ¶thenbach a. d. Pegnitz
366,,Baden-WÃ¼rttemberg District court Mannheim HRB 109209,multi-media systeme aktiengesellschaft â€“ Walzbachtal
367,,Hesse District court Wiesbaden HRB 28501,Athora Deutschland Verwaltungs GmbH â€“ Wiesbaden
368,,North Rhine-Westphalia District court MÃ¼nster HRB 7710,Beckumer Wohnungsgesellschaft mit beschrÃ¤nkter Haftung â€“ Beckum
369,,Hesse District court Bad Homburg v.d.H. HRB 6595,Deutsche Leasing AG â€“ Bad Homburg v. d. HÃ¶he
370,,Hesse District court Bad Homburg v.d.H. HRB 6596,Deutsche Sparkassen Leasing Verwaltungs-Aktiengesellschaft â€“ Bad Homburg v. d. HÃ¶he
371,,Hesse District court Wiesbaden HRB 2105,ESWE Versorgungs AG â€“ Wiesbaden
372,,North Rhine-Westphalia District court Coesfeld HRB 16929 Formerly district court (Amtsgericht) Coesfeld,Flender GmbH â€“ Bocholt
373,,Berlin District court Berlin (Charlottenburg) HRB 241059,Flink SE â€“ Berlin
374,,Mecklenburg-Western Pomerania District court Stralsund HRB 7850,Historisch-Technisches Museum PeenemÃ¼nde GmbH â€“ PeenemÃ¼nde
375,,Baden-WÃ¼rttemberg District court Mannheim HRB 734602,Integrierte Leitstelle Mannheim gemeinnÃ¼tzige Betriebsgesellschaft mbH â€“ Mannheim
376,,Berlin District court Berlin (Charlottenburg) HRB 178480,Next Big Thing AG â€“ Berlin
377,,Bavaria District court MÃ¼nchen HRB 261976,Plahoma Fifteen AG â€“ MÃ¼nchen
378,,Bavaria District court MÃ¼nchen HRB 252455,Plahoma Fourteen AG â€“ MÃ¼nchen
379,,Bavaria District court MÃ¼nchen HRB 274609,Rudolf Holding Management SE â€“ Geretsried
380,,Berlin District court Berlin (Charlottenburg) HRB 242490,SEEHG Securing Energy for Europe Holding GmbH â€“ Berlin
381,,Saarland District court SaarbrÃ¼cken HRB 11231,SaarlÃ¤ndische Wagnisfinanzierungsgesellschaft mbH â€“ SaarbrÃ¼cken
382,,Bavaria District court MÃ¼nchen HRB 6684,Siemens Aktiengesellschaft â€“ Berlin und MÃ¼nchen
383,,Rhineland-Palatinate District court Mainz HRB 12473,Stadt Worms Beteiligungs-GmbH â€“ Worms
384,,North Rhine-Westphalia District court Bad Oeynhausen HRB 16458,SÃ¤nger.IO GmbH â€“ LÃ¶hne
385,,Berlin District court Berlin (Charlottenburg) HRB 130684,Tempelhof Projekt Gesellschaft mit beschrÃ¤nkter Haftung â€“ Berlin
386,,Berlin District court Berlin (Charlottenburg) HRB 98451,mediafon SelbststÃ¤ndigenberatung GmbH â€“ Berlin
387,,Hesse District court Frankfurt am Main HRB 122917,360X AG â€“ Frankfurt am Main
388,,Bavaria District court MÃ¼nchen HRB 241039,Agile Robots AG â€“ MÃ¼nchen
389,,North Rhine-Westphalia District court Essen HRB 7550,Atlas Copco Holding GmbH â€“ Essen
390,,Bavaria District court MÃ¼nchen HRB 285762,BavariaBag AG â€“ Wolfratshausen
391,,Saxony-Anhalt District court Stendal HRB 208230,Benndorfer Wohnungsbaugesellschaft mbH â€“ Benndorf
392,,Bavaria District court MÃ¼nchen HRB 228231,Breath Therapeutics GmbH â€“ MÃ¼nchen
393,,Mecklenburg-Western Pomerania District court Stralsund HRB 21795,Decenomy Care AG â€“ Murchin
394,,Hesse District court Frankfurt am Main HRB 117603,Fintegral Deutschland AG â€“ Frankfurt am Main
395,,Thuringia District court Jena HRB 101529,Flughafen Erfurt GmbH â€“ Erfurt
396,,Bavaria District court MÃ¼nchen HRB 257068,Generali Deutschland Lebensversicherung AG â€“ MÃ¼nchen
397,,Hesse District court Offenbach am Main HRB 54134,Heidelberger Lebensversicherung AG â€“ Neu-Isenburg
398,,Bavaria District court MÃ¼nchen HRB 132989,MEAG MUNICH ERGO Kapitalanlagegesellschaft mbH â€“ MÃ¼nchen
399,,Baden-WÃ¼rttemberg District court Stuttgart HRB 401349,Mey Holding GmbH â€“ Albstadt
400,,Brandenburg District court Cottbus HRB 1659,Mitbeteiligungsgesellschaft mbH Ausbau - MBG mbH Ausbau - â€“ Luckau
401,,North Rhine-Westphalia District court Wuppertal HRB 3655,Peter Hammer Verlag Gesellschaft mit beschrÃ¤nkter Haftung â€“ Wuppertal
402,,Mecklenburg-Western Pomerania District court Neubrandenburg HRB 370,REMONDIS Seenplatte Logistik GmbH â€“ Neustrelitz
403,,North Rhine-Westphalia District court Essen HRB 19960,RWE Pensionsfonds AG â€“ Essen
404,,North Rhine-Westphalia District court Wuppertal HRB 11671,Sana-Klinikum Remscheid GmbH â€“ Remscheid
405,,North Rhine-Westphalia District court KÃ¶ln HRB 103808,Smart In Media AG â€“ KÃ¶ln
406,,North Rhine-Westphalia District court KÃ¶ln HRB 2115,Stadtwerke KÃ¶ln Gesellschaft mit beschrÃ¤nkter Haftung â€“ KÃ¶ln
407,,Baden-WÃ¼rttemberg District court Mannheim HRB 335872,SÃ¼dweststahl AG â€“ Eberbach
408,,North Rhine-Westphalia District court MÃ¼nster HRB 461,WestfÃ¤lische Verkehrsgesellschaft mbH â€“ MÃ¼nster
409,,Bavaria District court Landshut HRB 5763,XPECTO Aktiengesellschaft â€“ Landshut
410,,Baden-WÃ¼rttemberg District court Stuttgart HRB 23366,Allgemeine Rentenanstalt Pensionskasse AG â€“ Stuttgart
411,,Baden-WÃ¼rttemberg District court Freiburg HRB 716775,Ambra Versicherung AG â€“ BÃ¼singen am Hochrhein
412,,Baden-WÃ¼rttemberg District court Stuttgart HRB 570105,Bausparkasse SchwÃ¤bisch Hall Aktiengesellschaft - Bausparkasse der Volksbanken und Raiffeisenbanken - â€“ SchwÃ¤bisch Hall
413,,North Rhine-Westphalia District court Duisburg HRB 10515,Bauverein Wesel Aktiengesellschaft â€“ Wesel
414,,Baden-WÃ¼rttemberg District court Stuttgart HRB 110,Ed. ZÃ¼blin Aktiengesellschaft â€“ Stuttgart
415,,Baden-WÃ¼rttemberg District court Stuttgart HRB 108062,Eisenwerk WÃ¼rth GmbH â€“ Bad Friedrichshall
416,,Baden-WÃ¼rttemberg District court Stuttgart HRB 210007,Esslinger Wohnungsbau GmbH â€“ Esslingen am Neckar
417,,Hamburg District court Hamburg HRB 153232,Finexity AG â€“ Hamburg
418,,Baden-WÃ¼rttemberg District court Freiburg HRB 19,Freiburger Stadtbau Gesellschaft mit beschrÃ¤nkter Haftung (FSB) â€“ Freiburg im Breisgau
419,,Baden-WÃ¼rttemberg District court Mannheim HRB 527,Grosskraftwerk Mannheim Aktiengesellschaft â€“ Mannheim
420,,Baden-WÃ¼rttemberg District court Stuttgart HRB 264976,"RMGV, Rems-Murr-Gesundheits-Verwaltungs GmbH â€“ Waiblingen"
421,,North Rhine-Westphalia District court DÃ¼sseldorf HRB 49650,VKKD Service GmbH â€“ DÃ¼sseldorf
422,,North Rhine-Westphalia District court Paderborn HRB 3507,WINCOR NIXDORF International GmbH â€“ Paderborn
423,,Baden-WÃ¼rttemberg District court Ulm HRB 732253,WMF GmbH â€“ Geislingen an der Steige
424,,Rhineland-Palatinate District court Mainz HRB 10092,Wohnungsbau GmbH Worms â€“ Worms
425,,North Rhine-Westphalia District court KÃ¶ln HRB 4000,moderne stadt Gesellschaft zur FÃ¶rderung des StÃ¤dtebaues und der Gemeindeentwicklung mit beschrÃ¤nkter Haftung â€“ KÃ¶ln
426,,Bavaria District court Coburg HRB 4805,Coburg Stadt und Land aktiv GmbH â€“ Coburg
427,,Bavaria District court MÃ¼nchen HRB 265329,fairafric AG â€“ MÃ¼nchen
428,,Bavaria District court MÃ¼nchen HRB 124084,ATOSS Software AG â€“ MÃ¼nchen
429,,North Rhine-Westphalia District court Bochum HRB 16591,GAGFAH GmbH â€“ Bochum
430,,Bavaria District court Regensburg HRB 5171,GOLDSTEIG KÃ¤sereien Bayerwald GmbH â€“ Cham
431,,Lower Saxony District court Hildesheim HRB 1208,HELIOS Klinikum Hildesheim GmbH â€“ Hildesheim
432,,North Rhine-Westphalia District court DÃ¼sseldorf HRB 4724,Henkel AG & Co. KGaA â€“ DÃ¼sseldorf
433,,North Rhine-Westphalia District court DÃ¼sseldorf HRB 48623,Verbund katholischer Kliniken DÃ¼sseldorf gGmbH â€“ DÃ¼sseldorf
434,,Baden-WÃ¼rttemberg District court Freiburg HRB 719151,medflex GmbH â€“ Konstanz
435,,North Rhine-Westphalia District court Essen HRB 30480,secida AG â€“ Essen
436,,Baden-WÃ¼rttemberg District court Mannheim HRB 704261,AFRY Deutschland GmbH â€“ Mannheim
437,,Bavaria District court MÃ¼nchen HRB 574,Baugesellschaft Bayern mbH â€“ MÃ¼nchen
438,,Bavaria District court WÃ¼rzburg HRB 5929,"DAKO Aktiengesellschaft, Chemische Spezialprodukte â€“ Wiesentheid"
439,,Hesse District court Frankfurt am Main HRB 119720,DB Kommunikationstechnik GmbH â€“ Eschborn
440,,North Rhine-Westphalia District court KÃ¶ln HRB 35881,DEVK VermÃ¶gensvorsorge- und Beteiligungs-Aktiengesellschaft â€“ KÃ¶ln
441,,Hesse District court Frankfurt am Main HRB 25668,DWS Grundbesitz GmbH â€“ Frankfurt am Main
442,,North Rhine-Westphalia District court Dortmund HRB 14955,Dr. Markert Softwaretechnik AG â€“ Dortmund
443,,Hesse District court Kassel HRB 19245,ECKD GmbH â€“ Kassel
444,,Saxony District court Chemnitz HRB 14855,Erzgebirgische Theater- und Orchester GmbH â€“ Annaberg-Buchholz
445,,North Rhine-Westphalia District court Bochum HRB 16427,GAGFAH M Immobilien-Management GmbH â€“ Bochum
446,,Saarland District court SaarbrÃ¼cken HRB 4444,GEKOBA - Gesellschaft fÃ¼r Gewerbe- und Kommunalbauten mit beschrÃ¤nkter Haftung â€“ SaarbrÃ¼cken
447,,Saarland District court SaarbrÃ¼cken HRB 4632,GSW - SaarlÃ¤ndische Wohnungsbaugesellschaft mit beschrÃ¤nkter Haftung â€“ SaarbrÃ¼cken
448,,Hesse District court Bad Homburg v.d.H. HRB 16237,MER AG â€“ Bad Homburg v. d. HÃ¶he
449,,North Rhine-Westphalia District court DÃ¼sseldorf HRB 56966,Marien Hospital DÃ¼sseldorf GmbH â€“ DÃ¼sseldorf
450,,Rhineland-Palatinate District court Mainz HRB 6459,PHYTEC Technologie Holding Aktiengesellschaft â€“ Mainz
451,,North Rhine-Westphalia District court KÃ¶ln HRB 58166,Pluto Beteiligungswerte AG â€“ KÃ¶ln
452,,North Rhine-Westphalia District court MÃ¼nster HRB 3248,PrivatÃ¤rztliche Verrechnungsstelle Westfalen-Nord GmbH â€“ MÃ¼nster
453,,Baden-WÃ¼rttemberg District court Stuttgart HRB 246104,REISSER AG â€“ BÃ¶blingen
454,,Baden-WÃ¼rttemberg District court Freiburg HRB 727836,SECANDA Systems AG â€“ Villingen-Schwenningen
455,,Baden-WÃ¼rttemberg District court Stuttgart HRB 754886,SEG Automotive Germany GmbH â€“ Stuttgart
456,,North Rhine-Westphalia District court DÃ¼sseldorf HRB 36792,St. Mauritius Therapieklinik Meerbusch gGmbH â€“ DÃ¼sseldorf
457,,Hesse District court Bad Homburg v.d.H. HRB 5929,VEDDER KNOLL Aktiengesellschaft Steuerberatungsgesellschaft â€“ Bad Homburg v. d. HÃ¶he
458,,Lower Saxony District court Hildesheim HRB 3664,Volkshochschule (VHS) Hildesheim gGmbH â€“ Hildesheim
459,,North Rhine-Westphalia District court Hagen HRB 58,ha.ge.we Hagener GemeinnÃ¼tzige Wohnungsgesellschaft mbH â€“ Hagen
460,,North Rhine-Westphalia District court KÃ¶ln HRB 78356,Axalta Coating Systems Verwaltungs GmbH â€“ KÃ¶ln
461,,North Rhine-Westphalia District court KÃ¶ln HRB 29417,DEVK RÃ¼ckversicherungs- und Beteiligungs-Aktiengesellschaft - DEVK RE â€“ KÃ¶ln
462,,Baden-WÃ¼rttemberg District court Stuttgart HRB 17316,Daimler Buses GmbH â€“ Stuttgart
463,,Saxony District court Chemnitz HRB 17200,Erzgebirgsklinikum gGmbH â€“ Annaberg-Buchholz
464,,Baden-WÃ¼rttemberg District court Stuttgart HRB 245982,Gebhardt Sourcing Solutions AG â€“ Stuttgart
465,,North Rhine-Westphalia District court DÃ¼sseldorf HRB 12082,Krankenhaus MÃ¶rsenbroich-Rath Gesellschaft mit beschrÃ¤nkter Haftung â€“ DÃ¼sseldorf
466,,Mecklenburg-Western Pomerania District court Stralsund HRB 2208,Marina KrÃ¶slin GmbH â€“ KrÃ¶slin
467,,Baden-WÃ¼rttemberg District court Freiburg HRB 620154,Rheinkraftwerk Albbruck-Dogern Aktiengesellschaft â€“ Waldshut-Tiengen
468,,Hamburg District court Hamburg HRB 162626,SCHNIGGE Capital Markets SE â€“ Hamburg
469,,Saxony-Anhalt District court Stendal HRB 107608,Stadtwerke Aschersleben GmbH â€“ Aschersleben
470,,Rhineland-Palatinate District court Mainz HRB 50844,SÃ¤nger Logistik GmbH Mainz â€“ Mainz
471,,Baden-WÃ¼rttemberg District court Stuttgart HRB 733780,Versorgungsausgleichskasse Pensionskasse VVaG â€“ Stuttgart
472,,Hesse District court Offenbach am Main HRB 49468,Viridium Holding AG â€“ Neu-Isenburg
473,,Lower Saxony District court Hildesheim HRB 109,Wohnungsbau-Aktiengesellschaft Hildesheim â€“ Hildesheim
474,,Bavaria District court MÃ¼nchen HRB 218515,Tubis AG â€“ MÃ¼nchen
475,,North Rhine-Westphalia District court Bonn HRB 16428,BONNA Wohnbau AG â€“ Bonn
476,,North Rhine-Westphalia District court KÃ¶ln HRB 46868,BÃ¤dergesellschaft der Stadt Bergisch Gladbach mbH â€“ Bergisch Gladbach
477,,Berlin District court Berlin (Charlottenburg) HRB 165081,CD Deutsche Eigenheim AG â€“ Berlin
478,,Hamburg District court Hamburg HRB 77668,H L S Hamburger Logistik Service GmbH â€“ Hamburg
479,,Hesse District court Kassel HRB 2163,Kasseler Verkehrs-Gesellschaft Aktiengesellschaft â€“ Kassel
480,,Hesse District court Offenbach am Main HRB 8610,Offenbacher Verkehrs-Betriebe GmbH â€“ Offenbach am Main
481,,Baden-WÃ¼rttemberg District court Freiburg HRB 603048,SECANDA AG â€“ Villingen-Schwenningen
482,,North Rhine-Westphalia District court DÃ¼sseldorf HRB 38644,SPOBAG Aktiengesellschaft â€“ DÃ¼sseldorf
483,,Baden-WÃ¼rttemberg District court Freiburg HRB 70,Schluchseewerk Aktiengesellschaft â€“ Laufenburg Baden
484,,Mecklenburg-Western Pomerania District court Rostock HRB 1604,Stadtentsorgung Rostock GmbH â€“ Rostock
485,,Hesse District court Kassel HRB 2150,StÃ¤dtische Werke Aktiengesellschaft â€“ Kassel
486,,Hesse District court Kassel HRB 4795,StÃ¤dtische Werke Energie + WÃ¤rme GmbH â€“ Kassel
487,,Berlin District court Berlin (Charlottenburg) HRB 179548,Zambon GmbH â€“ Berlin
488,,Baden-WÃ¼rttemberg District court Mannheim HRB 340914,al bohn Fenster-Systeme GmbH â€“ Sinsheim
489,,Baden-WÃ¼rttemberg District court Stuttgart HRB 739623,asano AG â€“ BÃ¶blingen
490,,Bavaria District court Ingolstadt HRB 8055,Digitales GrÃ¼nderzentrum der Region Ingolstadt GmbH â€“ Ingolstadt
491,,Bavaria District court MÃ¼nchen HRB 267157,GEOXIP AG â€“ Vierkirchen
492,,Bavaria District court NÃ¼rnberg HRB 202,LEONI AG â€“ NÃ¼rnberg
493,,Baden-WÃ¼rttemberg District court Mannheim HRB 341324,Alfred Bohn Verwaltungs-GmbH â€“ Sinsheim
494,,North Rhine-Westphalia District court Hamm HRB 1175,BAG Bankaktiengesellschaft â€“ Hamm
495,,Bavaria District court MÃ¼nchen HRB 182960,BBC Treuhand- und Steuerberatungsgesellschaft AG â€“ MÃ¼nchen
496,,Bavaria District court WÃ¼rzburg HRB 14818,"Brose Verwaltung SE, WÃ¼rzburg â€“ WÃ¼rzburg"
497,,Baden-WÃ¼rttemberg District court Mannheim HRB 707597,GRENKE Service AG â€“ Baden-Baden
498,,Baden-WÃ¼rttemberg District court Mannheim HRB 8258,Hays AG â€“ Mannheim
499,,Saxony-Anhalt District court Stendal HRB 112552,Ilsenburger Grobblech GmbH â€“ Ilsenburg (Harz)
500,,Berlin District court Berlin (Charlottenburg) HRB 58617,Institut fÃ¼r Diagnostik der Epilepsien (IDE) gGmbH â€“ Berlin
501,,Hesse District court Kassel HRB 4681,Kasseler Verkehrs- und Versorgungs-GmbH â€“ Kassel
502,,Lower Saxony District court LÃ¼neburg HRB 100001 Formerly district court (Amtsgericht) Celle,Osthannoversche Eisenbahnen Aktiengesellschaft â€“ Celle
503,,Baden-WÃ¼rttemberg District court Mannheim HRB 709878,SPEKTRUM Bauelemente Vertrieb und Service GmbH â€“ Sinsheim
504,,North Rhine-Westphalia District court DÃ¼sseldorf HRB 85184,Schneider Electric Investment AG â€“ DÃ¼sseldorf
505,,Mecklenburg-Western Pomerania District court Schwerin HRB 13413,SÃ¤nger Logistik GmbH Wismar â€“ Wismar
506,,North Rhine-Westphalia District court DÃ¼sseldorf HRB 57104,Uniper Kraftwerke GmbH â€“ DÃ¼sseldorf
507,,North Rhine-Westphalia District court DÃ¼sseldorf HRB 99481,WIIT Aktiengesellschaft â€“ DÃ¼sseldorf
508,,Schleswig-Holstein District court Flensburg HRB 1565 HU,WirtschaftsfÃ¶rderungsgesellschaft Nordfriesland mbH â€“ Husum
509,,Bavaria District court MÃ¼nchen HRB 219082,Yttrium GmbH â€“ MÃ¼nchen
510,,Lower Saxony District court Hannover HRB 3791,ÃœSTRA Hannoversche Verkehrsbetriebe Aktiengesellschaft â€“ Hannover
511,,North Rhine-Westphalia District court Essen HRB 20157,11 88 0 Internet Services AG â€“ Essen
512,,Hesse District court Frankfurt am Main HRB 55321,AGAPLESION gemeinnÃ¼tzige AG â€“ Frankfurt am Main
513,,Hesse District court Frankfurt am Main HRB 130657,Dream Maker Vertriebs- und Service GmbH â€“ Eschborn
514,,North Rhine-Westphalia District court Bielefeld HRB 30169,Evangelisches Klinikum Bethel gGmbH â€“ Bielefeld
515,,North Rhine-Westphalia District court Bad Oeynhausen HRB 5294,"Flugplatzbetriebsgesellschaft mit beschrÃ¤nkter Haftung \""Porta-Westfalica\"" â€“ Porta Westfalica"
516,,Thuringia District court Jena HRB 403083,Hufeland Klinikum GmbH â€“ Bad Langensalza
517,,North Rhine-Westphalia District court KÃ¶ln HRB 77162,"Katholische Jugendagentur Leverkusen, Rhein-Berg, Oberberg gGmbH â€“ Bergisch Gladbach"
518,,North Rhine-Westphalia District court Bielefeld HRB 39136,Krankenhaus Mara gGmbH â€“ Bielefeld
519,,Lower Saxony District court OsnabrÃ¼ck HRB 210945,Meyer & Meyer Holding Verwaltungs- und Beteiligungs SE â€“ OsnabrÃ¼ck
520,,North Rhine-Westphalia District court DÃ¼sseldorf HRB 101781,Prisma Fachhandels Aktiengesellschaft â€“ Monheim am Rhein
521,,North Rhine-Westphalia District court DÃ¼ren HRB 5182,SIG Combibloc GmbH â€“ Linnich
522,,North Rhine-Westphalia District court Gelsenkirchen HRB 702,Stadtwerke Gelsenkirchen GmbH â€“ Gelsenkirchen
523,,Berlin District court Berlin (Charlottenburg) HRB 178007,Streamwerke GmbH â€“ Berlin
524,,North Rhine-Westphalia District court Bad Oeynhausen HRB 9619,SÃ¤nger GeschÃ¤ftsfÃ¼hrungs GmbH â€“ LÃ¶hne
525,,North Rhine-Westphalia District court KÃ¶ln HRB 28788,VdS SchadenverhÃ¼tung GmbH â€“ KÃ¶ln
526,,Hesse District court Wiesbaden HRB 2173,"Vereinigte Tierversicherung, Gesellschaft auf Gegenseitigkeit â€“ Wiesbaden"
527,,Bavaria District court Bayreuth HRB 5935,rexotec AG â€“ Betzenstein
528,,Bavaria District court MÃ¼nchen HRB 281712,Best Secret Group SE â€“ Aschheim
529,,Baden-WÃ¼rttemberg District court Mannheim HRB 705779,Burger & Gyr Edelmetalle Recycling AG â€“ Keltern
530,,North Rhine-Westphalia District court Iserlohn HRB 9731,Deutsches Rotes Kreuz LÃ¼denscheid Rettungsdienst gGmbH â€“ LÃ¼denscheid
531,,Schleswig-Holstein District court Flensburg HRB 27,Flensborg Avis AG â€“ Flensburg
532,,Hesse District court Darmstadt HRB 25800,Kreiskrankenhaus BergstraÃŸe GmbH - eine Einrichtung des UniversitÃ¤tsklinikums Heidelberg â€“ Heppenheim (BergstraÃŸe)
533,,North Rhine-Westphalia District court DÃ¼sseldorf HRB 97001,M&P Group SE â€“ DÃ¼sseldorf
534,,Bavaria District court MÃ¼nchen HRB 134621,MECOMO AG â€“ UnterschleiÃŸheim
535,,Baden-WÃ¼rttemberg District court Stuttgart HRB 737788,Mercedes-Benz Mobility AG â€“ Stuttgart
536,,North Rhine-Westphalia District court KÃ¶ln HRB 68840,REWE Deutscher Supermarkt AG & Co. KGaA â€“ KÃ¶ln
537,,North Rhine-Westphalia District court DÃ¼sseldorf HRB 47852,Schneider Electric GmbH â€“ Ratingen
538,,Hesse District court Frankfurt am Main HRB 40464,Stadtwerke Frankfurt am Main Holding GmbH â€“ Frankfurt am Main
539,,North Rhine-Westphalia District court Bad Oeynhausen HRB 3420,SÃ¤nger Service GmbH â€“ LÃ¶hne
540,,North Rhine-Westphalia District court Bad Oeynhausen HRB 16458,SÃ¤nger.IO GmbH â€“ LÃ¶hne
541,,Rhineland-Palatinate District court Wittlich HRB 4709,TEMME AG â€“ Konz
542,,Hesse District court Offenbach am Main HRB 51609,Viridium RÃ¼ckversicherung AG â€“ Neu-Isenburg
543,,Bavaria District court MÃ¼nchen HRB 107767,Zeppelin Baumaschinen GmbH â€“ Garching b. MÃ¼nchen
544,,Hesse District court KÃ¶nigstein HRB 9777,COMSOL UnternehmenslÃ¶sungen AG â€“ Kronberg im Taunus
545,,Hesse District court Frankfurt am Main HRB 116663,Calvert International AG â€“ Frankfurt am Main
546,,North Rhine-Westphalia District court Bonn HRB 20077,Comfortcharge GmbH â€“ Bonn
547,,Hamburg District court Hamburg HRB 168009,EMobG Services Germany GmbH â€“ Hamburg
548,,Bavaria District court Augsburg HRB 2106,Epple Druckfarben AG â€“ Augsburg
549,,Bavaria District court Aschaffenburg HRB 17328,Finkbeiner Wirtschaftsdienste fÃ¼r ZahnÃ¤rzte und Ã„rzte AG â€“ Waldaschaff
550,,Hesse District court Frankfurt am Main HRB 120358,Hyrance AG â€“ Frankfurt am Main
551,,Schleswig-Holstein District court Kiel HRB 10347,KENA Verwaltungs AG â€“ Kiel
552,,Hesse District court Kassel HRB 13802,Kirix VermÃ¶gensverwaltung AG â€“ Kassel
553,,North Rhine-Westphalia District court Coesfeld HRB 18494 Formerly district court (Amtsgericht) Coesfeld,Kloster Annenthal - Seniorenzentrum GmbH â€“ Coesfeld
554,,Baden-WÃ¼rttemberg District court Mannheim HRB 111080,MDM VermÃ¶gensverwaltungs AG â€“ Sinzheim
555,,Baden-WÃ¼rttemberg District court Mannheim HRB 746938,Movico Bischoff + Scheck AG â€“ RheinmÃ¼nster
556,,Bavaria District court MÃ¼nchen HRB 285299,NTT DATA Deutschland SE â€“ MÃ¼nchen
557,,North Rhine-Westphalia District court DÃ¼sseldorf HRB 18633,Netzgesellschaft DÃ¼sseldorf mbH â€“ DÃ¼sseldorf
558,,North Rhine-Westphalia District court Duisburg HRB 14235,RWW Rheinisch- WestfÃ¤lische Wasserwerksgesellschaft mbH â€“ MÃ¼lheim an der Ruhr
559,,Baden-WÃ¼rttemberg District court Stuttgart HRB 69,Stuttgarter StraÃŸenbahnen Aktiengesellschaft â€“ Stuttgart
560,,North Rhine-Westphalia District court Hagen HRB 7436,SÃ¼dwestfalen Energie und Wasser AG â€“ Hagen
561,,Saxony-Anhalt District court Stendal HRB 207126,VGS Verkehrsgesellschaft SÃ¼dharz mit beschrÃ¤nkter Haftung â€“ Hettstedt
562,,Lower Saxony District court Walsrode HRB 100108,Wohnbau Diepholz GmbH â€“ Diepholz
563,,Baden-WÃ¼rttemberg District court Mannheim HRB 737678,Y1 Digital AG â€“ Karlsruhe
564,,Bavaria District court MÃ¼nchen HRB 257935,blueFLUX Energy AG â€“ PeiÃŸenberg
565,,North Rhine-Westphalia District court Essen HRB 17451,elpix AG â€“ Essen
566,,Hesse District court Frankfurt am Main HRB 82321,Allianz Global Investors Investmentaktiengesellschaft mit verÃ¤nderlichem Kapital mit TeilgesellschaftsvermÃ¶gen â€“ Frankfurt am Main
567,,Hesse District court Frankfurt am Main HRB 40336,FES Frankfurter Entsorgungs- und Service GmbH â€“ Frankfurt am Main
568,,Baden-WÃ¼rttemberg District court Freiburg HRB 715372,FernwÃ¤rme SBH AG â€“ Grafenhausen
569,,Saxony District court Leipzig HRB 22014,ONTRAS Gastransport GmbH â€“ Leipzig
570,,North Rhine-Westphalia District court Essen HRB 24825,RCU ed Verwaltung AG â€“ Essen
571,,Bremen District court Bremen HRB 4046,SLOMAN NEPTUN Schiffahrts-Aktiengesellschaft â€“ Bremen
572,,Schleswig-Holstein District court LÃ¼beck HRB 1084 OL,Strandhalle GrÃ¶mitz GmbH â€“ GrÃ¶mitz
573,,Rhineland-Palatinate District court Montabaur HRB 20841,Vecoplan AG â€“ Bad Marienberg
574,,Lower Saxony District court Braunschweig HRA 200936,WEVG Salzgitter GmbH & Co. KG â€“ Salzgitter
575,,Brandenburg District court Neuruppin HRB 1007,Wohnbau GmbH Prenzlau â€“ Prenzlau
576,,Mecklenburg-Western Pomerania District court Schwerin HRB 3729,Wohnungsgesellschaft Dorf Mecklenburg mbH â€“ Dorf Mecklenburg
577,,North Rhine-Westphalia District court KÃ¶ln HRB 71168,advisory24 A&O AG â€“ KÃ¶ln
578,,Bavaria District court MÃ¼nchen HRB 115761,"Medigene AG â€“ Planegg, Ortsteil Martinsried"
579,,Bavaria District court MÃ¼nchen HRB 280569,Mosel Bidco SE â€“ MÃ¼nchen
580,,Schleswig-Holstein District court Pinneberg HRB 901 ME,Abwasserentsorgung BrunsbÃ¼ttel GmbH (ABG) â€“ BrunsbÃ¼ttel
581,,North Rhine-Westphalia District court MÃ¼nster HRB 20858,Alliance Automotive Germany GmbH â€“ MÃ¼nster
582,,Berlin District court Berlin (Charlottenburg) HRB 243353,CirQono GmbH â€“ Berlin
583,,Berlin District court Berlin (Charlottenburg) HRB 209352,FORTIS Real Estate Investment AG â€“ Berlin
584,,Baden-WÃ¼rttemberg District court Stuttgart HRB 400935,Ferngasgesellschaft Albstadt Gammertingen mbH â€“ Albstadt
585,,Brandenburg District court Potsdam HRB 16951,Golf- und Country Club Seddiner See AG â€“ Michendorf
586,,North Rhine-Westphalia District court DÃ¼sseldorf HRB 76088,Haubrich Holding SE â€“ DÃ¼sseldorf
587,,Bavaria District court WÃ¼rzburg HRB 109,Koenig & Bauer AG â€“ WÃ¼rzburg
588,,Baden-WÃ¼rttemberg District court Stuttgart HRB 260035,Kreisbaugesellschaft Waiblingen mit beschrÃ¤nkter Haftung â€“ Waiblingen
589,,Berlin District court Berlin (Charlottenburg) HRB 161327,Kreuzberger Kinderstiftung gemeinnÃ¼tzige Aktiengesellschaft â€“ Berlin
590,,Baden-WÃ¼rttemberg District court Stuttgart HRB 23635,Mercedes-Benz Tech Motion GmbH â€“ Leinfelden-Echterdingen
591,,Bavaria District court MÃ¼nchen HRB 122392,"RLG Systems AG â€“ Aschheim, Ortsteil Dornach"
592,,Lower Saxony District court Tostedt HRB 110091 Formerly district court (Amtsgericht) Langen,Siedlungsgesellschaft Cuxhaven Aktiengesellschaft â€“ Cuxhaven
593,,Saxony District court Chemnitz HRB 17862,SozialpÃ¤diatrisches Zentrum am HELIOS Klinikum Aue gemeinnÃ¼tzige Gesellschaft mit beschrÃ¤nkter Haftung â€“ Aue-Bad Schlema
594,,Baden-WÃ¼rttemberg District court Stuttgart HRB 280,WÃ¼rttembergische Lebensversicherung Aktiengesellschaft â€“ Kornwestheim
595,,Berlin District court Berlin (Charlottenburg) HRB 218183,handly GmbH â€“ Berlin
596,,North Rhine-Westphalia District court Essen HRB 32275,thyssenkrupp Uhde GmbH â€“ Essen
597,,Baden-WÃ¼rttemberg District court Freiburg HRB 712144,wvib Schwarzwald AG â€“ Freiburg im Breisgau
598,,Bavaria District court Augsburg HRB 16508,AIRBUS HELICOPTERS DEUTSCHLAND GmbH â€“ DonauwÃ¶rth
599,,Bremen District court Bremen HRB 20163,ASB Seelische Gesundheit gGmbH â€“ Bremen
600,,Brandenburg District court Neuruppin HRB 5652,Bus-Verkehrsgesellschaft Oberhavel mbH â€“ Gransee
601,,North Rhine-Westphalia District court DÃ¼sseldorf HRB 72979,E.ON Energie AG â€“ DÃ¼sseldorf
602,,Berlin District court Berlin (Charlottenburg) HRB 87005,ESMT European School of Management and Technology GmbH â€“ Berlin
603,,Hesse District court Hanau HRB 93238,Engelbert Strauss International AG â€“ BiebergemÃ¼nd
604,,Bavaria District court MÃ¼nchen HRB 269316,FAISSNER PETERMEIER Mobility AG â€“ Garching b.MÃ¼nchen
605,,Bavaria District court MÃ¼nchen HRB 248116,Familienpflegewerk im KDFB gemeinnÃ¼tzige GmbH â€“ MÃ¼nchen
606,,Brandenburg District court Neuruppin HRB 2964,Gesellschaft fÃ¼r Anlagenbewirtschaftung und Objektbetreuung Oberhavel mbH â€“ Oranienburg
607,,Brandenburg District court Neuruppin HRB 1648,Gesellschaft fÃ¼r Museum und Touristik Mildenberg mbH â€“ Zehdenick
608,,Bavaria District court FÃ¼rth HRB 11126,HARREXCO AG â€“ Langenzenn
609,,Lower Saxony District court Braunschweig HRB 6605,HELIOS Klinikum Salzgitter GmbH â€“ Salzgitter
610,,Thuringia District court Jena HRB 403083,Hufeland Klinikum GmbH â€“ Bad Langensalza
611,,Thuringia District court Jena HRB 303807,IMMS Institut fÃ¼r Mikroelektronik- und Mechatronik-Systeme gemeinnÃ¼tzige GmbH (IMMS GmbH) â€“ Ilmenau
612,,Saarland District court SaarbrÃ¼cken HRB 13113,INNOMIS AG â€“ Nonnweiler
613,,North Rhine-Westphalia District court Essen HRB 16806,KÃ¼mpersFinanz AG â€“ Essen
614,,Brandenburg District court Neuruppin HRB 12022,LSO Life Science Oberhavel GmbH â€“ Hennigsdorf
615,,Hesse District court Darmstadt HRB 6164,MERCK Kommanditgesellschaft auf Aktien â€“ Darmstadt
616,,Brandenburg District court Neuruppin HRB 2286,Oberhavel Holding Besitz- und Verwaltungsgesellschaft mbH â€“ Oranienburg
617,,Brandenburg District court Neuruppin HRB 1793,Oberhavel Verkehrsgesellschaft mbH â€“ Germendorf
618,,Berlin District court Berlin (Charlottenburg) HRB 185593,PPV AG â€“ Berlin
619,,Hesse District court Wiesbaden HRB 16461,ProJob Rheingau-Taunus GmbH â€“ Taunusstein
620,,Hesse District court Darmstadt HRB 25133,TE Connectivity Germany GmbH â€“ Bensheim
621,,Lower Saxony District court Aurich HRB 202757,TRAUCO AG â€“ GroÃŸefehn
622,,Berlin District court Berlin (Charlottenburg) HRB 121596,CA Customer Alliance GmbH â€“ Berlin
623,,Hesse District court Frankfurt am Main HRB 29975,DEHAG Hospitality Group AG â€“ Eschborn
624,,Hamburg District court Hamburg HRB 43371,EDEKABANK Aktiengesellschaft â€“ Hamburg
625,,Hamburg District court Hamburg HRB 89795,Elbkinder Vereinigung Hamburger Kitas gGmbH â€“ Hamburg
626,,Bavaria District court Coburg HRB 3261,IBC Solar AG â€“ Bad Staffelstein
627,,Berlin District court Berlin (Charlottenburg) HRB 84461,KWB Kompetenzzentrum Wasser Berlin gemeinnÃ¼tzige GmbH â€“ Berlin
628,,Hesse District court Frankfurt am Main HRB 131659,KYT Holding AG â€“ Frankfurt am Main
629,,North Rhine-Westphalia District court Iserlohn HRB 10334,OTTO FUCHS Beteiligungen Verwaltungs SE â€“ Meinerzhagen
630,,North Rhine-Westphalia District court Iserlohn HRB 10340,OTTO FUCHS Verwaltungs SE â€“ Meinerzhagen
631,,Saxony District court Leipzig HRB 16377,Porsche Leipzig GmbH â€“ Leipzig
632,,North Rhine-Westphalia District court DÃ¼sseldorf HRB 60360,ProTect Versicherung Aktiengesellschaft â€“ DÃ¼sseldorf
633,,Bavaria District court MÃ¼nchen HRB 140669,Q_PERIOR AG â€“ MÃ¼nchen
634,,North Rhine-Westphalia District court KÃ¶ln HRB 93308,STRABAG AG â€“ KÃ¶ln
635,,Lower Saxony District court Hildesheim HRB 110401 Formerly district court (Amtsgericht) Alfeld,Stiebel Eltron GeschÃ¤ftsfÃ¼hrungsgesellschaft mit beschrÃ¤nkter Haftung â€“ Holzminden
636,,Lower Saxony District court Hildesheim HRB 110397 Formerly district court (Amtsgericht) Alfeld,Stiebel Eltron International GmbH â€“ Holzminden
637,,Lower Saxony District court Hannover HRB 5332,VEREINIGTE SCHIFFS-VERSICHERUNG V.A.G.Â® â€“ Hannover
638,,North Rhine-Westphalia District court MÃ¼nster HRB 10502,Vectron Systems AG â€“ MÃ¼nster
639,,Lower Saxony District court Hannover HRB 6692,Versorgungs- und Verkehrsgesellschaft Hannover mit beschrÃ¤nkter Haftung â€“ Hannover
640,,North Rhine-Westphalia District court Aachen HRB 175,gewoge AG â€“ Aachen
641,,Hesse District court Wiesbaden HRB 13184,Aareal Bank AG â€“ Wiesbaden
642,,Hesse District court Offenbach am Main HRB 49964,Africa GreenTec AG â€“ Hainburg
643,,Rhineland-Palatinate District court Montabaur HRB 10019,Arn. Georg Aktiengesellschaft â€“ Neuwied
644,,Berlin District court Berlin (Charlottenburg) HRB 200224,BEN Berlin Energie und Netzholding GmbH â€“ Berlin
645,,Berlin District court Berlin (Charlottenburg) HRB 113690,Berlin Phil Media GmbH â€“ Berlin
646,,Saxony-Anhalt District court Stendal HRB 111088,CODIXX Aktiengesellschaft â€“ Barleben
647,,Lower Saxony District court Hildesheim HRB 100775 Formerly district court (Amtsgericht) Gifhorn,GemeinnÃ¼tzige Bildungs- und Kultur GmbH des Landkreises Gifhorn â€“ Gifhorn
648,,North Rhine-Westphalia District court Dortmund HRB 8567,Givaudan Deutschland GmbH â€“ Dortmund
649,,Rhineland-Palatinate District court Mainz HRB 51747,Innovationsagentur Rheinland-Pfalz GmbH â€“ Mainz
650,,Bavaria District court MÃ¼nchen HRB 182563,RICH Aktiengesellschaft â€“ MÃ¼nchen
651,,Schleswig-Holstein District court Kiel HRB 3992,SEEHAFEN KIEL Verwaltungs-GmbH. â€“ Kiel
652,,Saarland District court SaarbrÃ¼cken HRB 107207,SEK Saarland GmbH â€“ SaarbrÃ¼cken
653,,Lower Saxony District court Hildesheim HRB 110488 Formerly district court (Amtsgericht) Alfeld,Stiebel Verwaltungs-GmbH â€“ Holzminden
654,,Bavaria District court Amberg HRB 5266,TSA Tyskland Sonne AG â€“ MaxhÃ¼tte-Haidhof
655,,Bavaria District court MÃ¼nchen HRB 169832,WSP Deutschland AG â€“ MÃ¼nchen
656,,Bavaria District court MÃ¼nchen HRB 221969,YIELCO Investments AG â€“ MÃ¼nchen
657,,Berlin District court Berlin (Charlottenburg) HRB 121712,BASIS AG Immobilienberatung â€“ Berlin
658,,Lower Saxony District court Hildesheim HRB 3456,Consulting Team VermÃ¶gensverwaltung AG â€“ Hildesheim
659,,North Rhine-Westphalia District court KÃ¶ln HRB 59696,Diakonie Michaelshoven Pflege und Wohnen gGmbH â€“ KÃ¶ln
660,,North Rhine-Westphalia District court Dortmund HRB 29325,Dortmunder Stadtwerke Holding GmbH â€“ Dortmund
661,,North Rhine-Westphalia District court DÃ¼sseldorf HRB 22514,Effecten-Spiegel AG. â€“ DÃ¼sseldorf
662,,North Rhine-Westphalia District court DÃ¼sseldorf HRB 65691,GEA Group Aktiengesellschaft â€“ DÃ¼sseldorf
663,,Thuringia District court Jena HRB 305890,IIM Aktiengesellschaft â€“ Suhl
664,,North Rhine-Westphalia District court DÃ¼sseldorf HRB 94099,MÃ¼nchen Dornburg AG â€“ Monheim am Rhein
665,,North Rhine-Westphalia District court MÃ¶nchengladbach HRB 9559,NEW Viersen GmbH â€“ Viersen
666,,Berlin District court Berlin (Charlottenburg) HRB 161960,OptioPay GmbH â€“ Berlin
667,,Berlin District court Berlin (Charlottenburg) HRB 248259,Solaris SE â€“ Berlin
668,,Berlin District court Berlin (Charlottenburg) HRB 241967,TPWD AG â€“ Berlin
669,,North Rhine-Westphalia District court KÃ¶ln HRB 81939,Adison AG â€“ KÃ¶ln
670,,Bavaria District court MÃ¼nchen HRB 136306,BayernLB Holding AG â€“ MÃ¼nchen
671,,Hesse District court Frankfurt am Main HRB 119297,CANNOVUM CANNABIS AG â€“ Frankfurt am Main
672,,Brandenburg District court Potsdam HRB 32008,Cara AG â€“ Potsdam
673,,North Rhine-Westphalia District court KÃ¶ln HRB 107634,Diakonie Michaelshoven Leben mit Behinderungen gGmbH â€“ KÃ¶ln
674,,Bavaria District court MÃ¼nchen HRB 251185,Domicil Real Estate AG â€“ MÃ¼nchen
675,,Hamburg District court Hamburg HRB 2130,Flughafen Hamburg Gesellschaft mit beschrÃ¤nkter Haftung â€“ Hamburg
676,,Berlin District court Berlin (Charlottenburg) HRB 125788,GSW Immobilien AG â€“ Berlin
677,,Bavaria District court MÃ¼nchen HRB 234431,Homes & Holiday AG â€“ MÃ¼nchen
678,,Bavaria District court MÃ¼nchen HRB 223333,Immunic AG â€“ Planegg
679,,Lower Saxony District court OsnabrÃ¼ck HRB 19316,LMIS AG â€“ OsnabrÃ¼ck
680,,Lower Saxony District court Braunschweig HRB 202189,Landesmusikakademie und Musikland Niedersachsen gemeinnÃ¼tzige Gesellschaft mit beschrÃ¤nkter Haftung â€“ WolfenbÃ¼ttel
681,,North Rhine-Westphalia District court KÃ¶ln HRB 61156,PANDION AG â€“ KÃ¶ln
682,,Baden-WÃ¼rttemberg District court Ulm HRB 730385,RAVINVEST-AG â€“ Ravensburg
683,,Bavaria District court MÃ¼nchen HRB 237558,Siemens Healthineers AG â€“ MÃ¼nchen
684,,North Rhine-Westphalia District court DÃ¼sseldorf HRB 38062,Vodafone GmbH â€“ DÃ¼sseldorf
685,,Schleswig-Holstein District court LÃ¼beck HRB 482 GE,Wirtschaftsbetriebe Geesthacht GmbH â€“ Geesthacht
686,,Lower Saxony District court Oldenburg (Oldenburg) HRB 110012 Formerly district court (Amtsgericht) Vechta,ALTE OLDENBURGER Krankenversicherung von 1927 Versicherungsverein auf Gegenseitigkeit â€“ Vechta
687,,Hesse District court Frankfurt am Main HRB 111136,Advanced Blockchain AG â€“ Frankfurt am Main
688,,Thuringia District court Jena HRB 111469,Immobilienservice Weimar Gesellschaft mit beschrÃ¤nkter Haftung â€“ Weimar
689,,Hesse District court Frankfurt am Main HRB 107950,Innoplexus AG â€“ Eschborn
690,,Thuringia District court Jena HRB 113031,Kommunale Beteiligungen Gotha GmbH â€“ Gotha
691,,Berlin District court Berlin (Charlottenburg) HRB 250627,Marley Spoon SE â€“ Berlin
692,,Schleswig-Holstein District court LÃ¼beck HRB 23829,Nikon SLM Solutions AG â€“ LÃ¼beck
693,,Baden-WÃ¼rttemberg District court Freiburg HRB 7436,SMP Deutschland GmbH â€“ BÃ¶tzingen
694,,Schleswig-Holstein District court LÃ¼beck HRB 391 GE,Stadtwerke Geesthacht GmbH â€“ Geesthacht
695,,Thuringia District court Jena HRB 102245,Stadtwerke Gotha GmbH â€“ Gotha
696,,Lower Saxony District court Aurich HRB 206461,TRAUCON Holding AG â€“ GroÃŸefehn
697,,Thuringia District court Jena HRB 104979,"Weimarer WohnstÃ¤tte Gesellschaft mit beschrÃ¤nkter Haftung â€“ Weimar"""
